[
	{
		"name": "Ella Daniel",
		"email": "hendrerit.consectetuer.cursus@outlook.net",
		"phone": "(567) 380-9992"
	},
	{
		"name": "Melyssa Cantrell",
		"email": "morbi.tristique.senectus@google.net",
		"phone": "1-526-413-2563"
	},
	{
		"name": "Chaim Buchanan",
		"email": "libero.integer@outlook.couk",
		"phone": "1-316-685-9786"
	},
	{
		"name": "Desiree Welch",
		"email": "a.scelerisque@aol.com",
		"phone": "(591) 884-4171"
	},
	{
		"name": "Hu Ward",
		"email": "ante.ipsum@aol.couk",
		"phone": "(858) 403-3635"
	}
]